"DF.L1.C1","label"
-0.0301762636846694,"1"
-0.212535529562991,"1"
-0.497304531193133,"1"
-0.410238615996018,"1"
-0.390018672024278,"1"
-0.356759914532474,"1"
-0.431763947726919,"1"
-0.343611071720554,"1"
-0.391763354397821,"1"
-0.999999866981367,"3"
-0.349905544974018,"1"
-0.341929954400156,"1"
-0.338424858498563,"1"
-0.359403270403677,"1"
-0.414260138942493,"1"
-0.446856267342725,"1"
-0.4233304466994,"1"
-0.434088434967443,"1"
-0.395143499932761,"1"
-0.351637263567521,"1"
-0.34697163021286,"1"
-0.39422827953363,"1"
-0.359539841447203,"1"
-0.327313628026905,"1"
-0.417774105428314,"1"
-0.428679492532927,"1"
-0.462342778174383,"1"
-0.249329769448225,"1"
-0.310278933883734,"1"
-0.1171688855407,"1"
-0.999996635622695,"3"
-0.321519744167113,"1"
-0.19321924863659,"1"
-0.229587780156829,"1"
-0.24523501258191,"1"
-0.219333531314325,"1"
-0.118288890185617,"1"
-0.290407470931486,"1"
-0.0178658947236747,"1"
-0.24645881056766,"1"
-0.196679778516648,"1"
-0.377667066432503,"1"
-0.999999918126664,"3"
-0.356834197167537,"1"
-0.368935745565803,"1"
-0.999999708098093,"3"
-0.999514812690173,"3"
-0.434117558305142,"1"
-0.427624387578592,"1"
-0.310351305137473,"1"
-0.341024633534624,"1"
-0.315333932150253,"1"
-0.352628551524705,"1"
-0.323444602986934,"1"
-0.370973184857401,"1"
-0.41536835359988,"1"
-0.409117617976345,"1"
-0.289413639856739,"1"
-0.403521833929888,"1"
-0.131034725664384,"1"
-0.337655606905275,"1"
-0.265469570042525,"1"
-0.308409263572161,"1"
-0.349743662042617,"1"
-0.355609910549131,"1"
-0.289217910734238,"1"
-0.99969235346076,"3"
-0.0240005256056925,"1"
-0.154043070626553,"1"
-0.193365698321444,"1"
-0.176517963861722,"1"
-0.177695342213081,"1"
-0.308172395218939,"1"
-0.127124214599803,"1"
-0.999990376733876,"3"
-0.15673166234706,"1"
-0.184296462161666,"1"
-0.219255364590643,"1"
-0.246976009460198,"1"
-0.19754591610771,"1"
-0.289273589403149,"1"
-0.0815949499664865,"1"
-0.897791868112096,"3"
-0.396804617286409,"1"
-0.331605680828648,"1"
-0.997982722419004,"3"
-0.436514079784421,"1"
-0.445407048243569,"1"
-0.383349377539669,"1"
-0.387332127710345,"1"
-0.302962221410653,"1"
-0.32557878478497,"1"
-0.999939941139582,"3"
-0.613798524024586,"1"
-0.682970275637342,"1"
-0.620428975821402,"1"
-0.610498972465417,"1"
-0.297695932840953,"1"
-0.651828250381714,"1"
-0.562373727348622,"1"
-0.499161178632588,"1"
-0.557397520909159,"1"
-0.582344802558589,"1"
-0.312506341177861,"1"
-0.41005622252244,"1"
-0.358864792984396,"1"
-0.348092221646978,"1"
-0.27143912897545,"1"
-0.999980138517223,"3"
-0.271174357065691,"1"
-0.199911462111922,"1"
-0.330836712023858,"1"
-0.275208918739971,"1"
-0.286216503469579,"1"
-0.561844940406314,"1"
-0.467255747768865,"1"
-0.535087928603594,"1"
-0.398991409975942,"1"
-0.99983133544083,"3"
-0.591254686465944,"1"
-0.633282382602819,"1"
-0.559606784804831,"1"
-0.652503310763207,"1"
-0.637536916915235,"1"
-0.608744790189748,"1"
-0.999999989940084,"3"
-0.610368623900338,"1"
-0.622161192252992,"1"
-0.557324735011434,"1"
-0.61316467587751,"1"
-0.999314811471762,"3"
-0.279071119024547,"1"
-0.324529649693099,"1"
-0.294278951446272,"1"
-0.25806146641234,"1"
-0.323697126361656,"1"
-0.336215383937549,"1"
-0.342365504707297,"1"
-0.0662592556650701,"1"
-0.355876525834766,"1"
-0.310274995635641,"1"
-0.343991686364443,"1"
-0.350986647792522,"1"
-0.994920807299768,"3"
-0.240635158056163,"1"
-0.744457529949784,"1"
-0.750778891506783,"1"
-0.60158982157362,"1"
-0.380505473890284,"1"
-0.690551232635834,"1"
-0.615621914148956,"1"
-0.703662711115526,"1"
-0.623548835158618,"1"
-0.636359950429241,"1"
-0.713415680643767,"1"
-0.613614683206952,"1"
-0.643465362700099,"1"
-0.627331284076192,"1"
-0.633563167132063,"1"
-0.676009999595637,"1"
-0.999994832088401,"3"
-0.704129286507142,"1"
-0.696673820786438,"1"
-0.637065502952914,"1"
-0.685328513203043,"1"
-0.349650041435342,"1"
-0.492870834271328,"1"
-0.473494129856484,"1"
-0.453897231797363,"1"
-0.478491868129119,"1"
-0.487390613376983,"1"
-0.452139277506552,"1"
-0.416521645001898,"1"
-0.400270318337217,"1"
-0.334853701739414,"1"
-0.310808084448411,"1"
-0.322688033929918,"1"
-0.322878033994957,"1"
-0.331714752452017,"1"
-0.260086879437255,"1"
-0.278981241938226,"1"
-0.290596621036993,"1"
-0.274464064518776,"1"
-0.285681670792527,"1"
-0.34902767907755,"1"
-0.188343485243272,"1"
-0.27776512890204,"1"
-0.220622580623192,"1"
-0.335813634997701,"1"
-0.999990278365192,"3"
-0.294424426676106,"1"
-0.308638377913614,"1"
-0.343063266464404,"1"
-0.24468721852243,"1"
-0.209146838451543,"1"
-0.277245819260873,"1"
-0.211118176132198,"1"
-0.390139887633783,"1"
-0.41561137636829,"1"
-0.435943648993903,"1"
-0.453473206927418,"1"
-0.350164463479856,"1"
-0.379553069651298,"1"
-0.484235081269385,"1"
-0.378762781204776,"1"
-0.346188365958404,"1"
-0.322786854885738,"1"
-0.326679992656037,"1"
-0.359273529074813,"1"
-0.268863270507991,"1"
-0.246730027151765,"1"
-0.381070051712046,"1"
-0.377165080735643,"1"
-0.276867552181345,"1"
-0.234805135418001,"1"
-0.333253356502869,"1"
-0.99999928252545,"3"
-0.347731494721589,"1"
-0.999967945926084,"3"
-0.341496421039145,"1"
-0.372785860394318,"1"
-0.353270455444199,"1"
-0.390394452894845,"1"
-0.389440409909492,"1"
-0.3761081887914,"1"
-0.359873892084566,"1"
-0.0903925638245158,"1"
-0.999999339943589,"3"
-0.26862165853476,"1"
-0.298601128043859,"1"
-0.99999989802887,"3"
-0.195495563057609,"1"
-0.239494631014916,"1"
-0.330163832947472,"1"
-0.344330877434517,"1"
-0.273341293231156,"1"
-0.247667259956128,"1"
-0.261954424858347,"1"
-0.270793870750192,"1"
-0.227385152113921,"1"
-0.323399030078611,"1"
-0.383980709992354,"1"
-0.262201566293714,"1"
-0.29686062208193,"1"
-0.291256549425826,"1"
-0.211305333786186,"1"
-0.750611405175929,"1"
-0.999954988400041,"3"
-0.700559374711528,"1"
-0.67071297948416,"1"
-0.655209698852178,"1"
-0.663406224955215,"1"
-0.659068626683674,"1"
-0.666299470437314,"1"
-0.757536805174744,"1"
-0.999993501958335,"3"
-0.173620459630186,"1"
-0.0892433510472164,"1"
-0.0911957698100618,"1"
-0.117458227513267,"1"
-0.102248281232472,"1"
-0.105952318765521,"1"
-0.127188349890961,"1"
-0.102873996537807,"1"
-0.124308326165605,"1"
-0.119568805013023,"1"
-0.371759495431884,"1"
-0.295484290000526,"1"
-0.280774323094922,"1"
-0.346499091863342,"1"
-0.303582450393908,"1"
-0.322946031009123,"1"
-0.302017618550731,"1"
-0.300349286194764,"1"
-0.312430915131489,"1"
-0.426460447504159,"1"
-0.365090683220276,"1"
-0.34842513247922,"1"
-0.999999659613794,"3"
-0.42694069403194,"1"
-0.571162463737009,"1"
-0.480633930769171,"1"
-0.504244038253941,"1"
-0.418629196746018,"1"
-0.51894027186487,"1"
-0.499929798664166,"1"
-0.328073099478864,"1"
-0.331058322755896,"1"
-0.248597913402403,"1"
-0.301511813573443,"1"
0.058481149072997,"1"
0.413623058104387,"1"
-0.999950113033059,"3"
-0.255024599906781,"1"
0.253596746565135,"1"
0.0699328933964821,"1"
-0.0311496876639246,"1"
-0.0820179816786422,"1"
-0.239494631014916,"1"
-0.127428567589612,"1"
-0.204958850470928,"1"
-0.120350407607858,"1"
-0.196340113957158,"1"
-0.195958669572374,"1"
0.0576575378034442,"1"
-0.25638001858089,"1"
-0.221020178829804,"1"
-0.342330009032855,"1"
-0.999394514328267,"3"
-0.200304291639802,"1"
-0.211369269931873,"1"
-0.271783573737917,"1"
-0.329195319445274,"1"
-0.999999998192628,"3"
-0.309245335131283,"1"
-0.212819715399504,"1"
-0.195292406037112,"1"
-0.330361672857839,"1"
-0.328087844228842,"1"
-0.315405301186714,"1"
-0.239128274246039,"1"
-0.234616713604002,"1"
-0.0839854106951585,"1"
-0.999999869359633,"3"
-0.286442725013601,"1"
-0.311514979303816,"1"
-0.28404726736313,"1"
-0.365358511613373,"1"
-0.42811182343595,"1"
-0.299125209628806,"1"
-0.36687908254164,"1"
-0.999980142669093,"3"
-0.299924488644015,"1"
-0.335993608559353,"1"
-0.396898395869055,"1"
-0.353278163894573,"1"
-0.317057661516115,"1"
-0.289199817504397,"1"
-0.269616542877627,"1"
-0.198239604126952,"1"
-0.216482159270661,"1"
-0.304202607910655,"1"
-0.329021735340734,"1"
-0.242061220976024,"1"
-0.36724644198704,"1"
-0.249359154008494,"1"
-0.344221364650284,"1"
-0.999993509317346,"3"
-0.283834797115498,"1"
-0.283560915625811,"1"
-0.999999970812505,"3"
-0.345784008944446,"1"
-0.334760752793338,"1"
-0.281504223596039,"1"
-0.344669935269934,"1"
-0.350470073231956,"1"
-0.355465664181958,"1"
-0.451722017194816,"1"
-0.379173420175853,"1"
-0.420616638272425,"1"
-0.999886833124978,"3"
-0.403403527478542,"1"
-0.323107857800815,"1"
-0.330087999653878,"1"
-0.414041621123782,"1"
-0.387330057670147,"1"
-0.318587895536596,"1"
-0.374247660899038,"1"
-0.377972690494162,"1"
-0.403793786669169,"1"
-0.379012080118786,"1"
-0.39484894282115,"1"
-0.999999996687911,"3"
-0.238974727245551,"1"
-0.301456667988723,"1"
-0.326668189029236,"1"
-0.999999322973252,"3"
-0.354242492649838,"1"
-0.44937963497308,"1"
-0.374096849063797,"1"
-0.266620278382372,"1"
-0.999982568796438,"3"
-0.400413046829835,"1"
-0.364850540435166,"1"
-0.434964013944138,"1"
-0.40285767227286,"1"
-0.999999997049142,"3"
-0.376251117705545,"1"
-0.392365107340147,"1"
-0.443543428317132,"1"
-0.212356129373166,"1"
-0.367749850497416,"1"
-0.422058685699443,"1"
-0.999999003465034,"3"
-0.370205681259935,"1"
-0.357047698031566,"1"
-0.375026072126771,"1"
-0.980115355970198,"3"
-0.314324718932091,"1"
-0.386657687139312,"1"
-0.46218606395542,"1"
-0.398105896387231,"1"
-0.355314035210211,"1"
-0.32750359364077,"1"
-0.9999960458498,"3"
-0.325826137719574,"1"
-0.403351100944376,"1"
-0.316761524147345,"1"
-0.336822265654971,"1"
-0.999900722759124,"3"
-0.254857737375326,"1"
-0.319404977239683,"1"
-0.999999770698985,"3"
-0.389546738269284,"1"
-0.374961865366495,"1"
-0.350247179872773,"1"
-0.999996925503806,"3"
-0.352174842469304,"1"
-0.409710975752807,"1"
-0.359024946815288,"1"
-0.361787770391633,"1"
-0.403638428999718,"1"
-0.367215975554215,"1"
-0.318495210975666,"1"
-0.296636288535873,"1"
-0.344212529555185,"1"
-0.397094552524374,"1"
-0.292457118531265,"1"
-0.422669124686034,"1"
-0.35320303908267,"1"
-0.310067382514851,"1"
-0.377361081337801,"1"
-0.4121684004764,"1"
-0.374722329666964,"1"
-0.286443981194947,"1"
-0.292066544527759,"1"
-0.454902611490606,"1"
-0.394770111988107,"1"
-0.354764817798578,"1"
-0.326852749926288,"1"
-0.999999674945894,"3"
-0.396538964066173,"1"
-0.268392564339434,"1"
-0.338374051280031,"1"
-0.340428376465841,"1"
-0.395655614855454,"1"
-0.354024329760459,"1"
-0.291433541105972,"1"
-0.22286049392325,"1"
-0.349180373706109,"1"
-0.286671900046751,"1"
-0.297946295008502,"1"
-0.434542125788478,"1"
0.00575154573943515,"1"
0.477022745499524,"1"
-0.390414431303342,"1"
-0.267191845382035,"1"
-0.347059535870892,"1"
-0.347596396421614,"1"
-0.322311190086488,"1"
-0.272192189902663,"1"
-0.313930806162964,"1"
-0.376389852240161,"1"
-0.303936911859623,"1"
-0.395937998416196,"1"
-0.188814695848018,"1"
-0.171762641986528,"1"
-0.133725992653012,"1"
-0.175244462458618,"1"
-0.207317122622582,"1"
-0.205360846583261,"1"
-0.222752414280448,"1"
-0.189974456184984,"1"
-0.21536924736874,"1"
-0.999988796326365,"3"
-0.186867757382725,"1"
-0.999999322643687,"3"
-0.34433413833265,"1"
-0.452689500596755,"1"
-0.42541793992983,"1"
-0.313776488613829,"1"
-0.265384957691019,"1"
-0.347988903289785,"1"
-0.153614103561991,"1"
-0.266710306558634,"1"
-0.323403593242329,"1"
-0.275767497697345,"1"
-0.333024381566549,"1"
-0.273934377337142,"1"
-0.305736623449355,"1"
-0.33444791480372,"1"
-0.328978793223163,"1"
-0.999997174719746,"3"
-0.292444254082139,"1"
-0.250169190683964,"1"
-0.30799524914858,"1"
-0.152234354887521,"1"
-0.179687805305932,"1"
-0.291729585599182,"1"
-0.444395816738842,"1"
-0.999999998753894,"3"
-0.193462990042906,"1"
-0.217104280875498,"1"
-0.245272845620738,"1"
-0.40230485974618,"1"
-0.279194660225548,"1"
-0.256766924702052,"1"
-0.27729625871968,"1"
-0.381700303219266,"1"
-0.284754628323358,"1"
-0.271425857072248,"1"
-0.362477937532782,"1"
-0.999999931095568,"3"
-0.301770642429688,"1"
-0.370361553831714,"1"
-0.35720003199733,"1"
-0.339957011913674,"1"
-0.393110020418984,"1"
-0.357492358000663,"1"
-0.392337826428887,"1"
-0.433209307927751,"1"
-0.377603442014125,"1"
-0.688842459242397,"1"
-0.700518677326696,"1"
-0.737012241178129,"1"
-0.710168081248412,"1"
-0.670810193083021,"1"
-0.610608271756137,"1"
-0.612858940312703,"1"
-0.516613932241325,"1"
-0.454019609052365,"1"
-0.515159283449943,"1"
-0.181240398052823,"1"
-0.241253051911348,"1"
-0.144434020248132,"1"
-0.0584934394080439,"1"
-0.14324304699801,"1"
-0.739444514264551,"1"
-0.748620237267535,"1"
-0.560575886824735,"1"
-0.663308524681687,"1"
-0.644002960085714,"1"
-0.551511987252898,"1"
-0.999950792534268,"3"
-0.690919441194179,"1"
-0.998854840321758,"3"
-0.594418420127671,"1"
-0.999977477210279,"3"
-0.505173964928777,"1"
-0.338415397592978,"1"
-0.459854160162694,"1"
-0.447616954540448,"1"
-0.458620328827225,"1"
-0.474862071903585,"1"
-0.478533014227943,"1"
-0.462440150443644,"1"
-0.414215331397475,"1"
-0.703966775603206,"1"
-0.258033408876821,"1"
-0.374770558225155,"1"
-0.393402800820297,"1"
-0.999999447378701,"3"
-0.445505059333482,"1"
-0.399416314990299,"1"
-0.341286501435919,"1"
-0.317354237105431,"1"
-0.331810536262059,"1"
-0.913755613822262,"3"
-0.359703033771736,"1"
-0.369655892273213,"1"
-0.399065050294169,"1"
-0.377116001298081,"1"
-0.367822213132935,"1"
-0.405325790334264,"1"
-0.374496849084788,"1"
-0.378397847120045,"1"
-0.328005537371938,"1"
-0.397630276695605,"1"
-0.443059456396557,"1"
-0.358582102117186,"1"
-0.313213793460241,"1"
-0.384349209752466,"1"
-0.413561372183719,"1"
-0.346857122422913,"1"
-0.356836714702822,"1"
-0.353515597337922,"1"
-0.302361719458788,"1"
-0.316166898528669,"1"
-0.999984297594078,"3"
-0.403799888944836,"1"
-0.340815876528345,"1"
-0.380287132768882,"1"
-0.0932982422373798,"1"
-0.327024521913694,"1"
-0.366071201864074,"1"
-0.215107928072211,"1"
-0.239003441381322,"1"
-0.213390712526031,"1"
-0.268456484048356,"1"
-0.24078824122801,"1"
-0.213797007107764,"1"
-0.202070046084696,"1"
-0.207201629345514,"1"
-0.265136394652861,"1"
-0.23547796384844,"1"
-0.999035546163226,"3"
-0.334226339501519,"1"
-0.390764046919335,"1"
-0.431782104212271,"1"
-0.393017705653351,"1"
-0.376583780621452,"1"
-0.422785808244978,"1"
-0.383723543070441,"1"
-0.401754973461948,"1"
-0.350290525359825,"1"
-0.492140964862855,"1"
-0.315079529193398,"1"
-0.507183107873686,"1"
-0.288992592249294,"1"
-0.445438939195563,"1"
-0.473554567116716,"1"
-0.379475562492974,"1"
-0.999901083648097,"3"
-0.412870363548226,"1"
-0.427376067118366,"1"
-0.999990568950161,"3"
-0.458460793887741,"1"
-0.41024256862839,"1"
-0.478671013665241,"1"
-0.385918802054221,"1"
-0.999742090865266,"3"
-0.360871954031811,"1"
-0.45135259661406,"1"
-0.29125264923015,"1"
-0.371725222753723,"1"
-0.999999930108793,"3"
-0.358084729607104,"1"
-0.420475177841135,"1"
-0.483246339366589,"1"
-0.313522104593521,"1"
-0.373869841882258,"1"
0.110607954387025,"1"
-0.0362804745848042,"1"
-0.0764118952449191,"1"
-0.0364827214181331,"1"
-0.232171145782731,"1"
-0.166091181593395,"1"
-0.0984989381118129,"1"
-0.154985631970012,"1"
-0.184232309193244,"1"
-0.110004603658349,"1"
-0.28474454384505,"1"
-0.356077644459274,"1"
-0.238837097828509,"1"
-0.409317671499168,"1"
-0.313116953803735,"1"
-0.383722562492339,"1"
-0.315560258765045,"1"
-0.32498856227347,"1"
-0.31026130235535,"1"
-0.35025430244036,"1"
-0.288936820084793,"1"
-0.342539503877539,"1"
-0.297313863453109,"1"
-0.36536836778987,"1"
-0.146527936839541,"1"
-0.219469497085025,"1"
-0.19235524112897,"1"
-0.171044813719883,"1"
-0.188211673578225,"1"
-0.999999960371386,"3"
-0.264800184023702,"1"
-0.333169049505239,"1"
-0.196236531727817,"1"
-0.384432922371396,"1"
-0.998556675259571,"3"
-0.259338746703575,"1"
-0.206882667037317,"1"
-0.284960061338356,"1"
-0.251271738079514,"1"
-0.326981601619031,"1"
-0.164162490525503,"1"
-0.235575160974181,"1"
-0.344188533652015,"1"
-0.283307176018686,"1"
-0.238494866196665,"1"
-0.198328079508169,"1"
-0.999977827601312,"3"
-0.414259541833398,"1"
-0.999546871347287,"3"
-0.243491425790086,"1"
-0.331537783908906,"1"
-0.209958235865914,"1"
-0.261355012638432,"1"
-0.311086701362879,"1"
-0.253306859883025,"1"
-0.204041571385729,"1"
-0.226835962088848,"1"
-0.999999733753323,"3"
-0.20150427950008,"1"
-0.235951566165661,"1"
-0.246085737674467,"1"
-0.156867492417551,"1"
-0.368017001345785,"1"
-0.19942932429258,"1"
-0.33451080413429,"1"
-0.236231002135438,"1"
-0.994609428248405,"3"
-0.324897955645449,"1"
-0.241442295095491,"1"
-0.264925059858694,"1"
-0.367582507394351,"1"
-0.342870941120354,"1"
-0.388251257945306,"1"
-0.348597191725307,"1"
-0.999957687537987,"3"
-0.258543619022796,"1"
-0.199393813771779,"1"
-0.314501686475238,"1"
-0.264193915769533,"1"
-0.294552065426315,"1"
-0.183414624950002,"1"
-0.191835903896746,"1"
-0.290189239612136,"1"
-0.3173235278452,"1"
-0.380839169129438,"1"
-0.396597029956788,"1"
-0.402077592387304,"1"
-0.374483094373903,"1"
-0.300587877535159,"1"
-0.371228006883262,"1"
-0.999999708644509,"3"
-0.354778121538813,"1"
-0.251938611559655,"1"
-0.313997588916691,"1"
-0.999800635371159,"3"
-0.393279632829745,"1"
-0.278519575862139,"1"
-0.342680031973339,"1"
-0.306667637146843,"1"
-0.262247827924044,"1"
-0.999987963908261,"3"
-0.263523861050019,"1"
-0.390568898238255,"1"
-0.303537822736232,"1"
-0.326839923370584,"1"
-0.38260694269175,"1"
-0.396111692075836,"1"
-0.385932390434199,"1"
-0.349815747229891,"1"
-0.322916979847299,"1"
-0.353706924246706,"1"
-0.352216247692195,"1"
-0.361461105420418,"1"
-0.392642457635229,"1"
-0.346458282334756,"1"
-0.318835465496555,"1"
-0.347425157323078,"1"
-0.344128669342244,"1"
-0.276077150492447,"1"
-0.99999652730003,"3"
-0.999999923411301,"3"
-0.304938686619161,"1"
-0.999993019697842,"3"
-0.356905153285612,"1"
-0.999998735871088,"3"
-0.363497914846132,"1"
-0.338442201048788,"1"
-0.285980043262986,"1"
-0.999996579031231,"3"
-0.999905536342002,"3"
-0.326872658665583,"1"
-0.313188529003696,"1"
-0.366195146985895,"1"
-0.41797339002169,"1"
-0.361727420732334,"1"
-0.380844296427169,"1"
-0.339535645770942,"1"
-0.211672285147659,"1"
-0.99999995679145,"3"
-0.250890294026439,"1"
-0.326882062753884,"1"
-0.403277651917681,"1"
-0.350824306770972,"1"
-0.337848271581674,"1"
-0.364695343569581,"1"
-0.356192366126513,"1"
-0.374921962315676,"1"
-0.335370318646522,"1"
-0.281523667725219,"1"
-0.333600777366995,"1"
-0.295002120428429,"1"
-0.262515601829414,"1"
-0.370198430220146,"1"
-0.400998452578071,"1"
-0.38091176122548,"1"
-0.260184843505537,"1"
-0.336769601977302,"1"
-0.375615990921493,"1"
-0.390009543588995,"1"
-0.380714115267509,"1"
-0.300023461816373,"1"
-0.291007052935168,"1"
-0.274507880466109,"1"
-0.309865236705251,"1"
-0.292431007085037,"1"
-0.383377841003235,"1"
-0.236242056291485,"1"
-0.334289785889958,"1"
-0.999478335356064,"3"
-0.999976622110898,"3"
-0.446833534788574,"1"
-0.325348579766442,"1"
-0.306619076142869,"1"
-0.999925294192539,"3"
-0.318428605395275,"1"
-0.328090616605023,"1"
-0.380375697371791,"1"
-0.318878050039074,"1"
-0.410709392730678,"1"
-0.388769546147741,"1"
-0.392551526343909,"1"
-0.384919690154465,"1"
-0.27470737240604,"1"
-0.392926999071792,"1"
-0.274571485599939,"1"
-0.41311023697248,"1"
-0.297419970623322,"1"
-0.999997085854424,"3"
-0.999969047844745,"3"
-0.374136744709454,"1"
-0.999454280757871,"3"
-0.429544728825697,"1"
-0.407224262703312,"1"
-0.287852605954989,"1"
-0.340292663309988,"1"
-0.398350110251027,"1"
-0.272237068571668,"1"
-0.314551037362056,"1"
-0.254951168605026,"1"
-0.999999915211715,"3"
-0.373578731462694,"1"
-0.310049849243734,"1"
-0.417502051710917,"1"
-0.343812387109933,"1"
-0.410952062042896,"1"
-0.320440814152572,"1"
-0.322955840839425,"1"
-0.37664547921085,"1"
-0.334586091601584,"1"
-0.299442128225461,"1"
-0.999997198647189,"3"
-0.362525025570314,"1"
-0.352071831185128,"1"
-0.367295577623295,"1"
-0.18838823809888,"1"
-0.300281059869188,"1"
-0.341066549963761,"1"
-0.316247788642911,"1"
-0.999443369945128,"3"
-0.426579556350451,"1"
-0.387415599490356,"1"
-0.999999958251053,"3"
-0.356732349940621,"1"
-0.306602076882226,"1"
-0.414593190506004,"1"
-0.324085246030918,"1"
-0.397293308951822,"1"
-0.324333863736568,"1"
-0.381810093303124,"1"
-0.39611889856799,"1"
-0.358796263796356,"1"
-0.438740302834032,"1"
-0.373368005824184,"1"
-0.415476234863139,"1"
-0.411595975607004,"1"
-0.375380266050134,"1"
-0.392794742420236,"1"
-0.35024062230931,"1"
-0.426524347865436,"1"
-0.432076517309792,"1"
-0.413932771665252,"1"
-0.383909286391557,"1"
-0.415379665227585,"1"
-0.385093792187615,"1"
-0.431069811651757,"1"
-0.997445875240679,"3"
-0.377941169290421,"1"
-0.408594612998973,"1"
-0.433299244931904,"1"
-0.375793395661925,"1"
-0.381825099848591,"1"
-0.999999992054409,"3"
-0.307565146300506,"1"
-0.386757192792012,"1"
-0.41003327253324,"1"
-0.448322504478754,"1"
-0.315904361853845,"1"
-0.403932269057877,"1"
-0.29526782126512,"1"
-0.999938569431523,"3"
-0.350453175263454,"1"
-0.99971381840544,"3"
-0.34488579729367,"1"
-0.378522209071011,"1"
-0.999998255282957,"3"
-0.36535892922186,"1"
-0.374439172899194,"1"
-0.276429009372564,"1"
-0.410289769559493,"1"
-0.331228750446896,"1"
-0.999934282881983,"3"
-0.377291302555717,"1"
-0.403071569134609,"1"
-0.425071884458124,"1"
-0.359694789937509,"1"
-0.415211895710499,"1"
-0.408018033495175,"1"
-0.421478081158533,"1"
-0.37170856716713,"1"
-0.298887300891448,"1"
-0.999994424296363,"3"
-0.999999952396174,"3"
-0.400967503411677,"1"
-0.999999981350433,"3"
-0.340429054878511,"1"
-0.32672274018158,"1"
-0.405959741176597,"1"
-0.351529956786774,"1"
-0.377497447267231,"1"
-0.356289596570085,"1"
-0.305870421524166,"1"
-0.364731546835429,"1"
-0.351353006508993,"1"
-0.324427087351787,"1"
-0.356325662347861,"1"
-0.327823981119538,"1"
-0.389248170321111,"1"
-0.391910055045168,"1"
-0.342333664309138,"1"
-0.342003920193799,"1"
-0.999999998079451,"3"
-0.350130846744842,"1"
-0.365889754697273,"1"
-0.337495151407966,"1"
-0.289008498108039,"1"
-0.429486803738306,"1"
-0.347819600033583,"1"
-0.348004498599207,"1"
-0.289783177781774,"1"
-0.999999476583118,"3"
-0.303261255882789,"1"
-0.99997828228255,"3"
-0.347805487587854,"1"
-0.41594966751399,"1"
-0.999999845606056,"3"
-0.356342792617216,"1"
-0.77412765883127,"3"
-0.277821612739536,"1"
-0.325313865718234,"1"
-0.326334599657299,"1"
-0.317534439566665,"1"
-0.336993714059533,"1"
-0.312112177183034,"1"
-0.252927671177037,"1"
-0.999979012359998,"3"
-0.354919065724592,"1"
-0.999966103776493,"3"
-0.280040983949248,"1"
-0.339550723222991,"1"
-0.337826663096102,"1"
-0.281104161621807,"1"
-0.3692217960433,"1"
-0.270403382656247,"1"
-0.999514039541669,"3"
-0.99999859620147,"3"
-0.354239344732445,"1"
-0.327068564910285,"1"
-0.338490652870909,"1"
-0.365967749052271,"1"
-0.253090189996296,"1"
-0.999998038586942,"3"
-0.282839770823298,"1"
-0.381825104192267,"1"
-0.318868477255916,"1"
-0.999933127577499,"3"
-0.999999981871743,"3"
-0.359035964309593,"1"
-0.350872430772416,"1"
-0.232570487062951,"1"
-0.999996808586002,"3"
-0.999998691863232,"3"
-0.391271213069615,"1"
-0.477447679342521,"1"
-0.347743965524062,"1"
-0.999634640781322,"3"
-0.999920642555135,"3"
-0.99918397118354,"3"
-0.353277986765811,"1"
-0.335399440957175,"1"
-0.411165924961409,"1"
-0.42206017982602,"1"
-0.366322330401049,"1"
-0.434285652496578,"1"
-0.366163537757662,"1"
-0.406670747582011,"1"
-0.471375632524725,"1"
-0.401936509413342,"1"
-0.338645774852637,"1"
-0.37989601452285,"1"
-0.39717804143833,"1"
-0.625605499729729,"1"
-0.99999999725068,"3"
-0.484183973270753,"1"
-0.315581565924238,"1"
-0.395829231789021,"1"
-0.342959128289904,"1"
-0.477418213897472,"1"
-0.376479022508647,"1"
-0.363849252401749,"1"
-0.412540547339808,"1"
-0.315113902744994,"1"
-0.344768105762752,"1"
-0.370891627557027,"1"
-0.373700079140038,"1"
-0.347354002505002,"1"
-0.364569171558637,"1"
-0.269854353562552,"1"
-0.999922286283513,"3"
-0.420531527467207,"1"
-0.999951048704639,"3"
-0.422761767615393,"1"
-0.436947489671286,"1"
-0.422046333467762,"1"
-0.365856432310124,"1"
-0.99999993012775,"3"
-0.526739620227622,"1"
-0.462134873762542,"1"
-0.373987131550286,"1"
-0.444509406579041,"1"
-0.309075513660048,"1"
-0.255809410051299,"1"
-0.386341975593556,"1"
-0.416848150145391,"1"
-0.375317849809,"1"
-0.385472153425333,"1"
-0.375365120811968,"1"
-0.376166780163418,"1"
-0.38334204020015,"1"
-0.481641408921417,"1"
-0.395233736366327,"1"
-0.369484163882384,"1"
-0.365654655508697,"1"
-0.454180199272403,"1"
-0.346822392843094,"1"
-0.326178970988382,"1"
-0.362647849747356,"1"
-0.393612597821845,"1"
-0.379437622014105,"1"
-0.367862888693314,"1"
-0.339036242816415,"1"
-0.3638658871061,"1"
-0.422183271157694,"1"
-0.363123210252627,"1"
-0.359651900316439,"1"
-0.359894895609296,"1"
-0.999999976855944,"3"
-0.224667895050098,"1"
-0.368270866257232,"1"
-0.370293267877881,"1"
-0.293947129188787,"1"
-0.368154806697023,"1"
-0.318908513573827,"1"
-0.378994710651913,"1"
-0.367789150153776,"1"
-0.354851392320387,"1"
-0.332313631233963,"1"
-0.357167323972389,"1"
-0.350528345519418,"1"
-0.997278149448768,"3"
-0.412069074273736,"1"
-0.334895728749924,"1"
-0.376892050133588,"1"
-0.381493710310808,"1"
-0.373568076125351,"1"
-0.282460580128054,"1"
-0.526221119834207,"1"
-0.361953067093475,"1"
-0.998405651434922,"3"
-0.374918164970075,"1"
-0.433515703573613,"1"
-0.342645426262712,"1"
-0.367865243547793,"1"
-0.364870068004155,"1"
-0.387729902121385,"1"
-0.385142977730856,"1"
-0.386099135819876,"1"
-0.381763532230634,"1"
-0.297836782910074,"1"
-0.222224845151641,"1"
-0.364914549677762,"1"
-0.241745839519658,"1"
-0.354066150255423,"1"
-0.329330013407241,"1"
-0.398909006024177,"1"
-0.30229600935925,"1"
-0.390601794205735,"1"
-0.320637821277962,"1"
-0.404484157023155,"1"
-0.284666293666724,"1"
-0.375256699917936,"1"
-0.509686172956771,"1"
-0.316683553221419,"1"
-0.333765340010371,"1"
-0.533814991818372,"1"
-0.450464345973422,"1"
-0.331069464899811,"1"
-0.294345600105203,"1"
-0.260348518623346,"1"
-0.387761451302703,"1"
-0.169847101719158,"1"
-0.345944020380174,"1"
-0.374250006410989,"1"
-0.400820579525706,"1"
-0.36933259170572,"1"
-0.303256816802927,"1"
-0.318701308309937,"1"
-0.367193642311988,"1"
-0.313154400520157,"1"
-0.431305051293279,"1"
-0.999859745198639,"3"
-0.401765646273286,"1"
-0.389480276164685,"1"
-0.39942089607452,"1"
-0.261027276983707,"1"
-0.417757095434057,"1"
-0.402901724324194,"1"
-0.396894522691211,"1"
-0.283155696826954,"1"
-0.378967429297032,"1"
-0.355146540993856,"1"
-0.389890782210024,"1"
-0.400818208160988,"1"
-0.374406121826344,"1"
-0.384407489640462,"1"
-0.408267176912425,"1"
-0.407843893608656,"1"
-0.305536466397841,"1"
-0.325221975470393,"1"
-0.284676715076814,"1"
-0.40725547776975,"1"
-0.39807669101559,"1"
-0.408657167582963,"1"
-0.299769961909359,"1"
-0.36177815851454,"1"
-0.30548546545794,"1"
-0.349413866686469,"1"
-0.304893562727784,"1"
-0.397908269305198,"1"
-0.388156450942183,"1"
-0.351786077442816,"1"
-0.393728950877368,"1"
-0.42903122644113,"1"
-0.999963507424607,"3"
-0.391637955080191,"1"
-0.280026121870512,"1"
-0.270237490882402,"1"
-0.312426354481175,"1"
-0.42443317664677,"1"
-0.436278065800845,"1"
-0.36237328790291,"1"
-0.324115518719936,"1"
-0.2909948020883,"1"
-0.264091317662588,"1"
-0.370283055479502,"1"
-0.321594258903988,"1"
-0.480859871410286,"1"
-0.351914750846651,"1"
-0.300025603375056,"1"
-0.352078036511111,"1"
-0.392987605473542,"1"
-0.350385496893176,"1"
-0.316076799013971,"1"
-0.398936877117205,"1"
-0.417030410594993,"1"
-0.364324884178913,"1"
-0.381795362361096,"1"
-0.294078698874451,"1"
-0.999993611284054,"3"
-0.999238456468241,"3"
-0.375078736830095,"1"
-0.311663800189696,"1"
-0.332881524876427,"1"
-0.394348766942865,"1"
-0.374537321951432,"1"
-0.360574442221001,"1"
-0.999997761160213,"3"
-0.338158945014366,"1"
-0.297872466865952,"1"
-0.422098583793397,"1"
-0.999995724169416,"3"
-0.36635596328537,"1"
-0.30567026095191,"1"
-0.339607724839473,"1"
-0.433571903992812,"1"
-0.297559480464987,"1"
-0.30809178872498,"1"
-0.351990452516961,"1"
-0.363109461344819,"1"
-0.385968684906245,"1"
-0.277036624692022,"1"
-0.279803281663632,"1"
-0.401312738549281,"1"
-0.38650192769295,"1"
-0.333948188003564,"1"
-0.374813437674649,"1"
-0.321196300432012,"1"
-0.413140945035816,"1"
-0.404766082165556,"1"
-0.303846398748634,"1"
-0.244354486452045,"1"
-0.338350573304583,"1"
-0.263861676877791,"1"
-0.388265881302123,"1"
-0.375260391988124,"1"
-0.332958037804715,"1"
-0.345972401346442,"1"
-0.343026481897821,"1"
-0.335126823440486,"1"
-0.358432588775958,"1"
-0.317042484987139,"1"
-0.331468245539597,"1"
-0.406631766710696,"1"
-0.288228497031787,"1"
-0.356704531264442,"1"
-0.365135267288593,"1"
-0.374509302631442,"1"
-0.282094605561992,"1"
-0.241471758877003,"1"
-0.999999922242106,"3"
-0.252764435825709,"1"
-0.999988351763589,"3"
-0.313745473307202,"1"
-0.36966656643559,"1"
-0.252704613461501,"1"
-0.483192187162508,"3"
-0.345568212348865,"1"
-0.324904001957936,"1"
-0.337651800888364,"1"
-0.343066798392948,"1"
-0.305800571836723,"1"
-0.314741649533102,"1"
-0.335031514449531,"1"
-0.423946656248303,"1"
-0.29360923703544,"1"
-0.338646204091476,"1"
-0.314485020758302,"1"
-0.403582472020327,"1"
-0.272240437111384,"1"
-0.38295909251874,"1"
-0.390517283150606,"1"
-0.338510097949414,"1"
-0.407936011183886,"1"
-0.342588934180544,"1"
-0.357474857803885,"1"
-0.306205159631108,"1"
-0.278717427778644,"1"
-0.255162777967116,"1"
-0.999999864914834,"3"
-0.284499383887179,"1"
-0.37121913053411,"1"
-0.335896389182584,"1"
-0.999999152875253,"3"
-0.347942389073877,"1"
-0.349146686793959,"1"
-0.357436949912396,"1"
-0.357632758535057,"1"
-0.313008799971282,"1"
-0.999976975881678,"3"
-0.399364438789859,"1"
-0.435458316216029,"1"
-0.36236692138197,"1"
-0.366942234390202,"1"
-0.999999661459821,"3"
-0.376780217186662,"1"
-0.467583101760196,"1"
-0.284549513794905,"1"
-0.393197641174768,"1"
-0.363538944680152,"1"
-0.387043979516155,"1"
-0.327589725117542,"1"
-0.999997795424715,"3"
-0.321554503360917,"1"
-0.999999718376933,"3"
-0.376236139383696,"1"
-0.99999579428692,"3"
-0.453051114457766,"1"
-0.310713726748289,"1"
-0.286877967240003,"1"
-0.339630904088134,"1"
-0.999981044668758,"3"
-0.273188450332819,"1"
-0.347135101438155,"1"
-0.351873897941741,"1"
-0.396169597945051,"1"
-0.401060802210879,"1"
-0.335696486458892,"1"
-0.311061470419459,"1"
-0.309516725274166,"1"
-0.305005680155978,"1"
-0.310048938989452,"1"
-0.315453090933021,"1"
-0.25820450829892,"1"
-0.383445791135926,"1"
-0.332931323697714,"1"
-0.286026001311017,"1"
-0.993663810893924,"3"
-0.349595249446857,"1"
-0.310275818005912,"1"
-0.267178002101463,"1"
-0.417551698988253,"1"
-0.281281351143007,"1"
-0.268589135855356,"1"
-0.331192183211502,"1"
-0.377538391116942,"1"
-0.99999365493,"3"
-0.371672711853754,"1"
-0.441673123543447,"1"
-0.343475177172663,"1"
-0.432661753283676,"1"
-0.355861952570119,"1"
-0.367294244843157,"1"
-0.999983356395466,"3"
-0.389065784229681,"1"
-0.329550383013811,"1"
-0.395547787927778,"1"
-0.360042828367004,"1"
-0.32442631007218,"1"
-0.429404008330065,"1"
-0.34110932874617,"1"
-0.322284794170645,"1"
-0.301202646834103,"1"
-0.369924890944628,"1"
-0.370032956059036,"1"
-0.346515274041431,"1"
-0.319700198694556,"1"
-0.32406046930328,"1"
-0.390071206784899,"1"
-0.345184414636095,"1"
-0.343940875872857,"1"
-0.35798342913718,"1"
-0.405434562250737,"1"
-0.314053932648374,"1"
-0.365121416183163,"1"
-0.317085553454516,"1"
-0.270961710000849,"1"
-0.308109556226074,"1"
-0.308282197709438,"1"
-0.385936283085628,"1"
-0.321069593928176,"1"
-0.382364693689804,"1"
-0.366992991753842,"1"
-0.331166932637106,"1"
-0.408603904233493,"1"
-0.331323942615939,"1"
-0.34033001118325,"1"
-0.337215332617838,"1"
-0.338531629305554,"1"
-0.376892411038399,"1"
-0.400652808709418,"1"
-0.407259932287267,"1"
-0.3966573816963,"1"
-0.448230675542818,"1"
-0.374809253454561,"1"
-0.357280751858206,"1"
-0.360495656010173,"1"
-0.366337313382391,"1"
-0.358686473300692,"1"
-0.316925145749898,"1"
-0.282347971527171,"1"
-0.325794198588657,"1"
-0.385952144303916,"1"
-0.348787956082066,"1"
-0.382053613038778,"1"
-0.396901233310124,"1"
-0.325973540119014,"1"
-0.302022177634868,"1"
-0.297883849015536,"1"
-0.26580639486333,"1"
-0.336164978337737,"1"
-0.341293400431985,"1"
-0.350374232671891,"1"
-0.214888983768034,"1"
-0.233206906905866,"1"
-0.999966115663638,"3"
-0.306287914458513,"1"
-0.303761760889521,"1"
-0.263227018236525,"1"
-0.410965406888768,"1"
-0.354676701034917,"1"
-0.405007777718544,"1"
-0.323914988008989,"1"
-0.375203255232304,"1"
-0.381243072699158,"1"
-0.396125812297748,"1"
-0.363211864995149,"1"
-0.41000672446276,"1"
-0.36400450552183,"1"
-0.348956657383451,"1"
-0.388583622315954,"1"
-0.344985050074804,"1"
-0.349990823357526,"1"
-0.304614123630878,"1"
-0.999949303908097,"3"
-0.321884590090075,"1"
-0.354975952120501,"1"
-0.293438842805785,"1"
-0.317314904715061,"1"
-0.999998816052103,"3"
-0.351058148912131,"1"
-0.320710326496894,"1"
-0.320915006370701,"1"
-0.31399525034745,"1"
-0.275531824740725,"1"
-0.287196715895018,"1"
-0.33273328079066,"1"
-0.396437028754887,"1"
-0.332022306663152,"1"
-0.304726327120377,"1"
-0.326469563003804,"1"
-0.99999453849515,"3"
-0.999973919966009,"3"
-0.343631920136848,"1"
-0.340486150310982,"1"
-0.99864448206149,"3"
-0.355709825874226,"1"
-0.333691458309466,"1"
-0.327008913619092,"1"
-0.32357665781015,"1"
-0.39293863171561,"1"
-0.327560186433963,"1"
-0.374188633979681,"1"
-0.310358823236667,"1"
-0.315503838506047,"1"
-0.355430366700969,"1"
-0.406649275515486,"1"
-0.445931550129895,"1"
-0.355174190527366,"1"
-0.473929510100895,"1"
-0.319229258594976,"1"
-0.353332452888219,"1"
-0.224829632586229,"1"
-0.298512347499609,"1"
-0.99999901856054,"3"
-0.408733302996842,"1"
-0.380264193169357,"1"
-0.999784215861739,"3"
-0.36805582006754,"1"
-0.329606387838788,"1"
-0.323136330707833,"1"
-0.339171120768434,"1"
-0.358661223181123,"1"
-0.374865030138535,"1"
-0.339051351322677,"1"
-0.999997961873901,"3"
-0.364345502579509,"1"
-0.304722309228303,"1"
-0.383894026941275,"1"
-0.310920974999367,"1"
-0.397195555533218,"1"
-0.999936307985204,"3"
-0.397859557235482,"1"
-0.404373544515316,"1"
-0.356614491382541,"1"
-0.341920498025121,"1"
-0.394530258091895,"1"
-0.322490625768414,"1"
-0.310014925571295,"1"
-0.376706495741732,"1"
-0.999980344038275,"3"
-0.329598116374548,"1"
-0.415134273509804,"1"
-0.399422202390172,"1"
-0.307149248380554,"1"
-0.30160448270103,"1"
-0.293753557553242,"1"
-0.237998213648938,"1"
-0.297823671519323,"1"
-0.233496012536454,"1"
-0.33392254108517,"1"
-0.295653987550325,"1"
-0.29364068785175,"1"
-0.380893706975691,"1"
-0.31932330433562,"1"
-0.345473979176647,"1"
-0.32148129754345,"1"
-0.999999746772926,"3"
-0.310818286045177,"1"
-0.479855850710443,"1"
-0.416288253786693,"1"
-0.386672848767382,"1"
-0.515260515502175,"1"
-0.299855940224133,"1"
-0.300072725101036,"1"
-0.429651126124568,"1"
-0.372066788312814,"1"
-0.295577686187917,"1"
-0.387613513421273,"1"
-0.509629936482784,"1"
-0.333813827924323,"1"
-0.999998365473624,"3"
-0.395426886268069,"1"
-0.99999947588193,"3"
-0.998202142549638,"3"
-0.306743966987513,"1"
-0.285329468442543,"1"
-0.281133213529015,"1"
-0.292327534764805,"1"
-0.301504433686246,"1"
-0.396342940066688,"1"
-0.320180883601291,"1"
-0.308494474580389,"1"
-0.999971934565645,"3"
-0.65720021324553,"1"
-0.242881234338497,"1"
-0.280995154023847,"1"
-0.366169907392986,"1"
-0.324489842352936,"1"
-0.329940941142816,"1"
-0.380346789435311,"1"
-0.999864035643797,"3"
-0.287271984280609,"1"
-0.299396969922292,"1"
-0.301727013558247,"1"
-0.244865419473116,"1"
-0.389456761759365,"1"
-0.294925318107654,"1"
-0.999999065694382,"3"
-0.168179442376817,"1"
-0.234209134894742,"1"
-0.23877998925635,"1"
-0.32398970624377,"1"
-0.272174054571942,"1"
-0.189497159609593,"1"
-0.999999851232924,"3"
-0.308249190594302,"1"
-0.250093333581255,"1"
-0.292325402826794,"1"
-0.308589576074525,"1"
-0.252902338307095,"1"
-0.318840084446837,"1"
-0.367621036422188,"1"
-0.999999819073793,"3"
-0.306310260387959,"1"
-0.317111082632425,"1"
-0.313649231449593,"1"
-0.295836448257634,"1"
-0.268797573716303,"1"
-0.247225270686662,"1"
-0.999999965784317,"3"
-0.263952043199582,"1"
-0.309793256309399,"1"
-0.22648143593258,"1"
-0.213723620700003,"1"
-0.313950716209555,"1"
-0.345154015243836,"1"
-0.297249020854929,"1"
-0.719785010456832,"3"
-0.999999839627484,"3"
-0.293549939480714,"1"
-0.285733646650092,"1"
-0.999924923767057,"3"
-0.999999989497989,"3"
-0.337678948472701,"1"
-0.999785338749114,"3"
-0.331198701999567,"1"
-0.335898570267235,"1"
-0.99999999437256,"3"
-0.294544949123024,"1"
-0.297003962952535,"1"
-0.304186755204571,"1"
-0.384887113465001,"1"
-0.33080636433108,"1"
-0.35887556642053,"1"
-0.327822681232909,"2"
-0.0905868097230695,"2"
-0.138736058984527,"2"
-0.156888834153393,"2"
-0.0987705989010066,"2"
-0.0386513581216179,"2"
-0.999763398303035,"3"
-0.115596427539506,"2"
-0.105295535679998,"2"
-0.119440459188906,"2"
-0.132365959051109,"2"
-0.102787885437119,"2"
-0.191297341256223,"2"
-0.130303240050307,"2"
-0.0778802519371302,"2"
-0.0413826517847939,"2"
-0.324215379735676,"2"
-0.230142111515494,"2"
-0.0324466797238674,"2"
-0.32177854328718,"2"
-0.0949391876851955,"2"
-0.999999815187978,"3"
-0.372599956190576,"2"
-0.0539494240679992,"2"
-0.137980450265505,"2"
-0.407418277556187,"2"
-0.093886027666761,"2"
-0.333915646024689,"2"
-0.23951841699531,"2"
-0.0617272230587842,"2"
-0.164136755480326,"2"
-0.10773640322801,"2"
-0.130987910237315,"2"
-0.178965484792478,"2"
-0.392178111472078,"2"
-0.0651502349624868,"2"
-0.127678908522674,"2"
-0.239406307986764,"2"
-0.135492471817818,"2"
0.00967820109166218,"2"
-0.999965632673091,"3"
0.00609938882047667,"2"
-0.124974690254034,"2"
-0.0832158971490051,"2"
-0.218450332613124,"2"
0.217669447164958,"2"
-0.284663826123122,"2"
-0.246788382445226,"2"
-0.117826938113213,"2"
-0.204986510869476,"2"
-0.129594075848622,"2"
-0.101252618210376,"2"
-0.080672803327912,"2"
-0.292497862715072,"2"
-0.114579723506782,"2"
-0.245052845361591,"2"
-0.999999981644139,"3"
-0.157163948470114,"2"
-0.15770574165739,"2"
-0.372299924981933,"2"
-0.0457664249249876,"2"
-0.102836303358597,"2"
-0.227014786611463,"2"
-0.182633853406029,"2"
-0.290812680348868,"2"
-0.148942562138479,"2"
-0.172603892061401,"2"
-0.999999982412808,"3"
-0.465094568932585,"2"
-0.279252957424963,"2"
-0.329434982109999,"2"
-0.274167703442315,"2"
-0.283018266077795,"2"
-0.363880217039101,"2"
-0.287101095335663,"2"
-0.0817481779920832,"2"
-0.300833856474178,"2"
-0.247251025368831,"2"
0.0161422925825476,"2"
-0.999994688800431,"3"
0.0782252219374473,"2"
-0.999999982691169,"3"
-0.236371938940596,"2"
-0.164254284976121,"2"
-0.273837913078604,"2"
-0.344045430853362,"2"
-0.9999999914091,"3"
-0.157935278136716,"2"
-0.221545560132332,"2"
-0.313509575491924,"2"
-0.999946250818281,"3"
-0.999939484510239,"3"
-0.354460968224551,"2"
-0.999989099640584,"3"
-0.248199452377761,"2"
-0.999999107600925,"3"
-0.342348131902141,"2"
-0.374203653635305,"2"
-0.463216506347575,"2"
-0.270880177272148,"2"
-0.456669032487196,"2"
-0.31918586077493,"2"
-0.330808006589806,"2"
-0.500215298622361,"2"
-0.362059943197886,"2"
-0.3412706601775,"2"
-0.310130638167804,"2"
-0.18552350311805,"2"
-0.265720505388191,"2"
-0.127968633828197,"2"
-0.0801829243064907,"2"
0.0354116067840128,"2"
-0.267947792087248,"2"
-0.189993481001569,"2"
-0.0309836725081383,"2"
-0.43433807867241,"2"
-0.0473531194887009,"2"
-0.10631227931087,"2"
-0.0834102035074793,"2"
-0.149719272754472,"2"
-0.276647659690957,"2"
-0.0586659319067269,"2"
-0.000469498772213806,"2"
-0.0200017209580607,"2"
0.157151732683203,"2"
-0.999999913529001,"3"
0.0554681014641764,"2"
0.121380098860179,"2"
-0.0164580135022443,"2"
0.0456981214574379,"2"
0.108732215407124,"2"
-0.999977318728422,"3"
-0.0591199952638024,"2"
0.0127080698096887,"2"
-0.177248900443946,"2"
-0.122417049153711,"2"
-0.99912905798967,"3"
-0.0946803629252353,"2"
-0.00799771945324701,"2"
0.0120808896797477,"2"
-0.129649960193251,"2"
-0.181437981390003,"2"
-0.246752849851375,"2"
-0.262600444665022,"2"
-0.236928905211179,"2"
-0.192232880650156,"2"
-0.999999767200538,"3"
-0.999928137751229,"3"
0.0136733504949182,"2"
-0.999999568458591,"3"
0.00612870560071699,"2"
-0.0594667074752515,"2"
-0.402801418247626,"2"
0.10238826034331,"2"
-0.0766200654895834,"2"
0.012155538050066,"2"
-0.999979764831682,"3"
-0.999999987450677,"3"
-0.999992640093307,"3"
0.100540765111147,"2"
0.0460050619103604,"2"
0.0821066634772927,"2"
0.114158949007676,"2"
0.139670368040547,"2"
0.207730163588631,"2"
-0.999997994132013,"3"
0.093253201699229,"2"
-0.99998174201518,"3"
0.0258857580370353,"2"
-0.0147263078404736,"2"
0.0207582755061809,"2"
0.0459751209039371,"2"
0.170385967360868,"2"
0.115287068190137,"2"
-0.129687975369264,"2"
0.101636962910224,"2"
0.0610028298894694,"2"
-0.0192063278275669,"2"
0.0910772825010785,"2"
-0.0208467834749606,"2"
0.00418120800233235,"2"
0.0896675658558265,"2"
-0.0317182961210467,"2"
0.0693736067059417,"2"
-0.191083487731601,"2"
0.050781317269967,"2"
0.201364414812234,"2"
-0.094501678467694,"2"
0.0115406048932032,"2"
0.00888144060764617,"2"
0.0624429093831532,"2"
0.0694627535869978,"2"
-0.0214325948484726,"2"
0.0455153705374426,"2"
0.12248583521284,"2"
0.0345943294886936,"2"
0.204901088309996,"2"
-0.0404027633183337,"2"
-0.0874475673157551,"2"
0.0231869404249372,"2"
-0.00926177548543672,"2"
0.0772006250534728,"2"
0.116089896502655,"2"
0.0264977071709063,"2"
0.0952779881864096,"2"
0.0898706901046538,"2"
0.0932712807287059,"2"
0.0840473367756752,"2"
0.0447015377467773,"2"
-0.999999855264598,"3"
-0.015251260937206,"2"
0.0627960846337826,"2"
0.112480257092292,"2"
0.11621172319474,"2"
0.0907501330722417,"2"
0.0201857184695661,"2"
0.120763074384585,"2"
0.127182500372489,"2"
0.00290238052401148,"2"
0.16292655024321,"2"
0.113123363489981,"2"
0.104403756466915,"2"
0.108069005132716,"2"
-0.0136476626798248,"2"
0.025328218886119,"2"
0.146812593578262,"2"
0.00205085420595441,"2"
-0.999930756175201,"3"
-0.97421133595643,"3"
-0.104046378853846,"2"
0.280623385186646,"2"
0.106606518603291,"2"
0.127517004397127,"2"
-0.0228345465458102,"2"
0.210834681107679,"2"
0.111393988231404,"2"
-0.0877956715724904,"2"
0.013669767563759,"2"
0.123649364308051,"2"
0.00182265141161086,"2"
0.185494396156197,"2"
-0.999979908841692,"3"
0.0591202015791082,"2"
0.145132423134925,"2"
0.163087338211943,"2"
0.100315783116106,"2"
0.000941744431094849,"2"
0.0665135423880168,"2"
0.0720396320539813,"2"
0.0708223959599956,"2"
0.0952430518081437,"2"
-0.0252301408020548,"2"
-0.055697223423012,"2"
-0.00667727234381355,"2"
0.0799634750833502,"2"
0.138100182779446,"2"
0.0622667626423707,"2"
0.17196659383784,"2"
0.0111663924730152,"2"
-0.130792649767271,"2"
-0.105937252868445,"2"
-0.141075599914469,"2"
0.0257904792199194,"2"
-0.205156797817499,"2"
-0.123503519196632,"2"
-0.248311422065398,"2"
-0.192869610765491,"2"
-0.11378021328432,"2"
-0.0733363102966598,"2"
-0.0677379085172625,"2"
0.0435077881108602,"2"
-0.0587659017671052,"2"
-0.0677783516351278,"2"
-0.0219546946618783,"2"
0.00519910353061093,"2"
-0.0128689386936249,"2"
-0.106288315363434,"2"
-0.0396600907999167,"2"
-0.141455724091261,"2"
-0.266263427755398,"2"
-0.318684682300825,"2"
-0.296932262418666,"2"
-0.254604423872524,"2"
-0.296883690254735,"2"
-0.285998704637893,"2"
-0.199376132571522,"2"
-0.13103521667201,"2"
-0.223362495950883,"2"
-0.335662488273811,"2"
-0.109155474104164,"2"
-0.101296651019437,"2"
-0.18874701029207,"2"
-0.113007752750188,"2"
-0.134895261617952,"2"
-0.139616941784463,"2"
-0.126804411695312,"2"
-0.128187787475444,"2"
-0.162104776882148,"2"
-0.104053098583967,"2"
-0.243621313581244,"2"
-0.229358053417058,"2"
-0.996565766692768,"3"
-0.349092782883266,"2"
-0.191417040910804,"2"
-0.191022694808743,"2"
-0.277290594900275,"2"
-0.160307218068146,"2"
-0.129736851487545,"2"
-0.397991714337125,"2"
-0.117106602969543,"2"
-0.1133036980177,"2"
-0.14940945737417,"2"
-0.999999749311493,"3"
-0.999999738383812,"3"
-0.0696708705408762,"2"
-0.0733042706374614,"2"
-0.095706870784029,"2"
0.019602403055541,"2"
-0.999999914495328,"3"
-0.134151119374012,"2"
-0.097544677128965,"2"
-0.310727332453832,"2"
-0.0737206376689918,"2"
-0.27439621135447,"2"
-0.284285156998524,"2"
-0.174553532014333,"2"
-0.0580597128975353,"2"
-0.0238466628861178,"2"
0.074472644452521,"2"
-0.999993542633529,"3"
-0.999999794240635,"3"
-0.0518374663623324,"2"
-0.105690163908609,"2"
-0.0523403519050996,"2"
-0.153139629381757,"2"
-0.0211431692384592,"2"
-0.0140484729040939,"2"
-0.501344532183986,"2"
-0.386240906357219,"2"
-0.453879557999963,"2"
-0.438459748078657,"2"
-0.999996372952179,"3"
-0.466522922542948,"2"
-0.470457876202306,"2"
-0.999987057113287,"3"
-0.453391833922397,"2"
-0.440901964829342,"2"
-0.196603139643422,"2"
-0.255650031649307,"2"
-0.0337444136492557,"2"
-0.230924308855199,"2"
-0.259180873054346,"2"
-0.0545426699615816,"2"
-0.0928992375625228,"2"
-0.24237012867695,"2"
0.0195864463166725,"2"
-0.229418998609602,"2"
0.0695234719958369,"2"
0.01708218558402,"2"
-0.999999960854686,"3"
0.0878794193376266,"2"
-0.00809418811141382,"2"
-0.0159619869617729,"2"
-0.115625547401526,"2"
-0.999997754895982,"3"
-0.0861529392653406,"2"
-0.0201260086086863,"2"
0.0275372910094404,"2"
-0.0240212235545192,"2"
0.0575325019990636,"2"
0.04424069915891,"2"
-0.00996218368343604,"2"
-0.0249741564992318,"2"
-0.0700896762937968,"2"
-0.00146860990541953,"2"
-0.0292018386654147,"2"
-0.407469918677941,"2"
-0.987138092022543,"3"
-0.265488522131731,"2"
-0.232888442861135,"2"
-0.299025371217108,"2"
-0.229681175100493,"2"
-0.246742076779281,"2"
-0.193737014786718,"2"
-0.0702566999418051,"2"
-0.245132908012242,"2"
-0.999999578184302,"3"
-0.123968210013193,"2"
-0.999994870534487,"3"
-0.107462561523776,"2"
-0.193154798799233,"2"
-0.247201687719411,"2"
-0.302012197138393,"2"
-0.17936443582368,"2"
-0.0799539514525511,"2"
-0.0789798467369109,"2"
0.0509736786404356,"2"
-0.140559853150435,"2"
-0.0734789775225924,"2"
-0.0297760548905863,"2"
-0.102758910107835,"2"
-0.00965401021445556,"2"
-0.0289317716257258,"2"
-0.0253247302449537,"2"
-0.136263574927846,"2"
-0.11505811871211,"2"
-0.21055670655069,"2"
-0.174465596585575,"2"
-0.999986732043933,"3"
-0.18002987139062,"2"
-0.157323882661463,"2"
-0.119053211209246,"2"
-0.166046539029609,"2"
-0.233768338159707,"2"
-0.0991545059591732,"2"
-0.187868596383683,"2"
-0.145382309355527,"2"
-0.0138510404832675,"2"
-0.235087603725826,"2"
-0.331565804265532,"2"
-0.00126194023706416,"2"
-0.999999768710821,"3"
-0.223849958806561,"2"
-0.0289809087202084,"2"
-0.243424977784794,"2"
-0.196354838861273,"2"
-0.155091138688832,"2"
-0.224616808098735,"2"
-0.316085617470098,"2"
-0.171497606353052,"2"
-0.281080644404076,"2"
-0.999835629298385,"3"
-0.174314363469754,"2"
-0.146297357249691,"2"
-0.0500922045760912,"2"
-0.304273983756722,"2"
-0.195824295720607,"2"
-0.999503175530884,"3"
-0.116757658135655,"2"
-0.0952404623036964,"2"
-0.0896956566573024,"2"
-0.999999836082557,"3"
-0.718930742973048,"2"
-0.545137786006073,"2"
-0.623720596716186,"2"
-0.387261759395011,"2"
-0.620271786889921,"2"
-0.0540129657013928,"2"
-0.084414265644247,"2"
-0.00570423961090327,"2"
0.00339696466675077,"2"
0.00615610533664146,"2"
-0.0584095148545463,"2"
-0.0509383369496108,"2"
-0.0641870171455972,"2"
-0.0119290295750041,"2"
-0.0904233255969176,"2"
-0.0413518363674636,"2"
-0.154401023187207,"2"
-0.202293574321853,"2"
-0.18935344050711,"2"
-0.129879968998664,"2"
-0.10836545687702,"2"
-0.106732599334845,"2"
0.0419464868926097,"2"
-0.106826289349946,"2"
-0.11413540008332,"2"
-0.0544792985177198,"2"
0.00460634011272454,"2"
-0.0447583988937634,"2"
0.0779139047813178,"2"
0.0260443499171132,"2"
0.0497729807549739,"2"
0.0310879817146252,"2"
-0.106436334537667,"2"
-0.0935367865591374,"2"
-0.251113778833794,"2"
-0.201286804944662,"2"
-0.131440057322489,"2"
-0.147964877243623,"2"
-0.99999005646685,"3"
-0.288241710264317,"2"
-0.109257564287261,"2"
-0.999351004572522,"3"
-0.297810423561732,"2"
-0.183676514004284,"2"
-0.232789170485301,"2"
-0.296131171640148,"2"
-0.354901228548573,"2"
-0.409162188533078,"2"
-0.387351287442601,"2"
-0.317956516982662,"2"
-0.236021106507246,"2"
-0.345527739393508,"2"
0.0574229640438277,"2"
0.0930814270726485,"2"
0.131991255299474,"2"
0.0842820377510102,"2"
0.149766287795998,"2"
0.0656856253892981,"2"
0.0412322634970024,"2"
0.0223622867627427,"2"
0.0577701569138848,"2"
-0.0239923374273354,"2"
0.0418453564907654,"2"
0.135708039745795,"2"
0.0771598146003533,"2"
0.026956470611934,"2"
0.00913397827058715,"2"
0.0202729562221784,"2"
0.101990193859933,"2"
0.0171238925545575,"2"
-0.04084268025769,"2"
0.125584058210096,"2"
0.0565187114333418,"2"
0.121157560387542,"2"
0.0132806658947738,"2"
0.0539771443766736,"2"
0.172114667058212,"2"
0.0460189297737301,"2"
-0.973763471489771,"3"
0.13941595127764,"2"
0.0633241099110888,"2"
0.0319315964386762,"2"
0.132425249663438,"2"
0.0453364060836479,"2"
0.112137387565936,"2"
0.0507398701168147,"2"
0.0403134691366707,"2"
-0.999994967588375,"3"
0.0885464794916204,"2"
0.016873473236753,"2"
0.0771595714880136,"2"
0.0371871390925014,"2"
0.0407271120348387,"2"
-0.0135354869332496,"2"
0.117312462098179,"2"
0.0227103014036731,"2"
0.0642440408929122,"2"
-0.99999825902661,"3"
0.0898905883129956,"2"
0.0310451956170053,"2"
0.0756042027719186,"2"
-0.999950053916139,"3"
0.0439474219248492,"2"
0.0386818985772118,"2"
0.0505054735742425,"2"
0.0406479318820134,"2"
-0.0416749159239365,"2"
0.0569243647553884,"2"
0.04895670498771,"2"
0.083303720181487,"2"
0.155619278218933,"2"
0.0200826642004708,"2"
0.0587451552630913,"2"
0.103277933450204,"2"
0.00361821492440717,"2"
0.0212042433357176,"2"
0.0518340725002032,"2"
0.0844014389986101,"2"
-0.0420992556267104,"2"
0.102448315226006,"2"
0.0917180976050228,"2"
-0.00927764752932903,"2"
0.0996643100362681,"2"
0.200485320719861,"2"
0.0778794235112337,"2"
0.136516968587858,"2"
0.0766617919937409,"2"
0.101224013289819,"2"
0.0766752170721727,"2"
0.056410384426644,"2"
0.0487842701025596,"2"
0.112084153471215,"2"
0.0249642403936673,"2"
0.0764431222979004,"2"
0.0726376819161358,"2"
0.00188533615240882,"2"
0.0767521251590323,"2"
0.137555599491761,"2"
-0.11562765603603,"2"
-0.0104247263710158,"2"
-0.0444581484777562,"2"
-0.999993870045788,"3"
0.0496995062760952,"2"
-0.999999458120674,"3"
-0.022738188346177,"2"
-0.998314377193842,"3"
0.106848976877177,"2"
0.0523844131383443,"2"
0.145310861412547,"2"
0.0318664884914976,"2"
-0.999991851149481,"3"
-0.999429066926016,"3"
-0.222560476516354,"2"
-0.133689178952364,"2"
-0.321326037802395,"2"
-0.999651851287227,"3"
-0.147819969555321,"2"
-0.316515627548538,"2"
-0.343023729038264,"2"
-0.352107940644093,"2"
-0.0947777996168249,"2"
-0.149373456363029,"2"
-0.180506939365113,"2"
-0.186300652266304,"2"
-0.999997434914335,"3"
-0.170158886167702,"2"
-0.999999450000233,"3"
-0.443957218195715,"2"
-0.149936489359187,"2"
-0.230384465797834,"2"
-0.170164755878407,"2"
-0.999999172253505,"3"
-0.99999427337341,"3"
-0.332521073954691,"2"
-0.333439558372236,"2"
-0.337878314980991,"2"
-0.152135755183147,"2"
-0.151160120567997,"2"
-0.203026314481437,"2"
-0.23997701905943,"2"
-0.161686728493064,"2"
-0.219840896468054,"2"
-0.119260649847977,"2"
-0.359238503585015,"2"
-0.109493852685695,"2"
-0.255138715453655,"2"
-0.999999957911225,"3"
-0.202751112349976,"2"
-0.133902599457942,"2"
-0.148597758434391,"2"
-0.228897438251641,"2"
-0.0758818325203583,"2"
-0.158531401654762,"2"
-0.519003282112804,"2"
-0.0713593869826279,"2"
-0.125447240137731,"2"
-0.18103081063195,"2"
-0.180661342816938,"2"
-0.234731610984009,"2"
-0.331591264502263,"2"
-0.217450505192158,"2"
-0.236092446839462,"2"
-0.279325443914454,"2"
-0.16113645341688,"2"
-0.106464634751595,"2"
-0.177179206563811,"2"
-0.0702766820234448,"2"
-0.180989446018318,"2"
-0.295426164580013,"2"
-0.999999990083595,"3"
-0.199527710246699,"2"
0.0407191702828127,"2"
-0.35096739965978,"2"
-0.252179176650469,"2"
-0.999999927720952,"3"
-0.999992296698172,"3"
-0.302027646454437,"2"
-0.336738027710842,"2"
-0.122436240013648,"2"
-0.174698743368027,"2"
-0.157961467837917,"2"
-0.17469935319007,"2"
-0.07955931631902,"2"
-0.250620009911021,"2"
-0.165285921337752,"2"
-0.170771921321009,"2"
-0.052258852385525,"2"
-0.0883582740348055,"2"
-0.306275824745502,"2"
-0.21117999437487,"2"
-0.179553177161565,"2"
-0.155603912018984,"2"
-0.168751113066781,"2"
-0.36032360841182,"2"
-0.999999908530459,"3"
-0.298477898697774,"2"
-0.999999843189318,"3"
-0.0517292405667078,"2"
-0.0881147925309842,"2"
-0.123082243620238,"2"
0.0092064402243508,"2"
-0.150459085959611,"2"
-0.999861107122975,"3"
-0.198054496249457,"2"
-0.999989207763613,"3"
-0.134954918635971,"2"
-0.999999788991756,"3"
-0.100754308350047,"2"
-0.119994465219416,"2"
-0.122594877743533,"2"
-0.861063229531009,"3"
-0.99884356739041,"3"
-0.17946764404138,"2"
-0.129274399484839,"2"
-0.0597044356184133,"2"
-0.127183099744679,"2"
-0.217293246590301,"2"
-0.150787066440851,"2"
-0.0357033027423317,"2"
-0.118393795198754,"2"
-0.0604723091130175,"2"
-0.0553723726617028,"2"
-0.130698066774714,"2"
-0.159883999213143,"2"
-0.113316345878486,"2"
-0.0765428387546689,"2"
-0.0338828290114879,"2"
-0.0754564109587588,"2"
-0.176246703662554,"2"
-0.177190130669248,"2"
-0.177441696898743,"2"
-0.165306641020013,"2"
-0.233997785829028,"2"
-0.101574924139736,"2"
-0.0904771295030238,"2"
-0.177243094655272,"2"
-0.179585145929698,"2"
-0.134578006785206,"2"
-0.118782825066662,"2"
-0.151197687285183,"2"
-0.210461320434654,"2"
-0.138607231444894,"2"
-0.181066342568653,"2"
-0.222517701610306,"2"
-0.230180137186813,"2"
-0.161802138950946,"2"
-0.0730511652312724,"2"
-0.153393241327559,"2"
-0.999927393908277,"3"
-0.118260724754369,"2"
-0.190110024354087,"2"
-0.134883952211627,"2"
-0.300862064356441,"2"
-0.188272617423924,"2"
-0.129949991422389,"2"
-0.237587383215691,"2"
-0.307266756990119,"2"
-0.0645013985417842,"2"
-0.126005807948841,"2"
-0.220832838051011,"2"
-0.999999933797652,"3"
-0.165311376493549,"2"
-0.212960615944955,"2"
-0.240886391812712,"2"
-0.177149059891746,"2"
-0.164859986300345,"2"
-0.135468931759242,"2"
-0.135853649653288,"2"
-0.109854984097289,"2"
-0.144696069869219,"2"
-0.999991754806743,"3"
-0.184941965695315,"2"
-0.0756377049314025,"2"
-0.164597404694921,"2"
-0.281744326444707,"2"
-0.999997836335755,"3"
-0.214680665519145,"2"
-0.136696588087131,"2"
-0.121520697384651,"2"
-0.108991626304662,"2"
-0.157286331174287,"2"
-0.175440058502626,"2"
-0.324057286981993,"2"
-0.205504036939716,"2"
-0.131326847993326,"2"
-0.15401820583848,"2"
-0.0957393041754961,"2"
-0.132914890148427,"2"
-0.124307002290408,"2"
-0.161214569581585,"2"
-0.201573675538611,"2"
-0.233657231036209,"2"
-0.0820802223563732,"2"
-0.999991354433605,"3"
-0.209068123930655,"2"
-0.204812113971064,"2"
-0.999998391147054,"3"
-0.0678361092978508,"2"
-0.191331448533437,"2"
-0.136974100330557,"2"
-0.169459645809293,"2"
-0.141295655052519,"2"
-0.185387776227371,"2"
-0.10496771902304,"2"
-0.998595190051326,"3"
-0.147800945935702,"2"
-0.17669015683409,"2"
-0.136381462684954,"2"
-0.999893912532853,"3"
-0.136703667855848,"2"
-0.163881745458844,"2"
-0.170557411522311,"2"
-0.174763921410093,"2"
-0.0467140514367088,"2"
-0.999999999387099,"3"
-0.165785819114348,"2"
-0.147459432413839,"2"
-0.112176175865672,"2"
-0.112304462669923,"2"
-0.110167325324467,"2"
-0.129833424996106,"2"
-0.999999966624247,"3"
-0.0978653098603841,"2"
-0.0593206358576361,"2"
-0.0452428007665093,"2"
-0.0203352474457494,"2"
-0.0897930153058839,"2"
-0.345924474230502,"2"
-0.0280071155619059,"2"
-0.0134738796460827,"2"
-0.0714317327599399,"2"
-0.185509777639667,"2"
-0.109572809985331,"2"
-0.0694358618809912,"2"
-0.090288902991998,"2"
0.000591251879568766,"2"
-0.154721516306995,"2"
-0.345924474230502,"2"
-0.1218090944651,"2"
-0.128996362528536,"2"
-0.121672754154372,"2"
-0.999997738966976,"3"
-0.239651089009749,"2"
-0.999987523948902,"3"
-0.0409989226029661,"2"
-0.129479774793357,"2"
-0.239686706704626,"2"
-0.0941369178794338,"2"
-0.1499695276334,"2"
-0.202289587284384,"2"
-0.066667385784039,"2"
-0.0863682359936173,"2"
-0.156517941249743,"2"
-0.122728109342097,"2"
-0.0747259516935455,"2"
-0.130793037108427,"2"
-0.0285836066419332,"2"
-0.999998466700411,"3"
-0.158918743337177,"2"
-0.134270490837633,"2"
-0.108956430270636,"2"
-0.0688759974554838,"2"
-0.195299015564232,"2"
-0.0330522370280828,"2"
-0.999732307070256,"3"
-0.131480257265407,"2"
-0.0480391412810557,"2"
-0.158621496017537,"2"
-0.0383610249937558,"2"
-0.0648206059416263,"2"
-0.121256569614903,"2"
-0.20236218848559,"2"
-0.161919481663843,"2"
-0.037435264495101,"2"
-0.0829650584286956,"2"
-0.0431108952261181,"2"
-0.185077383008405,"2"
-0.999999999972462,"3"
-0.0928636315449423,"2"
-0.155304658702786,"2"
-0.0371526671223721,"2"
-0.143075447452104,"2"
-0.11988941156866,"2"
-0.057685117988548,"2"
-0.15816364250603,"2"
-0.0706502818281227,"2"
-0.104603210137499,"2"
-0.13145615422107,"2"
-0.0673510515124329,"2"
-0.0654083067619038,"2"
-0.999999171401479,"3"
-0.238525562705413,"2"
-0.241827241862338,"2"
-0.306912140235413,"2"
-0.00689775047250674,"2"
-0.303506285764608,"2"
-0.395453607967664,"2"
-0.340364487739509,"2"
-0.365172895945221,"2"
-0.167778371968118,"2"
-0.062188152216593,"2"
-0.250418293437796,"2"
-0.018409180700053,"2"
-0.0825300214334015,"2"
-0.0633739551945729,"2"
-0.272993396640457,"2"
-0.0933870675494493,"2"
-0.0512551491592441,"2"
-0.196864729832926,"2"
-0.0826070619024684,"2"
-0.0779834937937551,"2"
-0.100726065163387,"2"
-0.113720867459623,"2"
-0.0987488251067525,"2"
-0.99999999916266,"3"
-0.140252661546643,"2"
-0.0202288457347752,"2"
-0.0850395486962843,"2"
-0.160272626671535,"2"
-0.0887934908564825,"2"
0.0114146572043982,"2"
-0.0352489062124874,"2"
-0.111354215644867,"2"
-0.150368275709369,"2"
0.0134808826407531,"2"
-0.0827573936975854,"2"
-0.160660514837995,"2"
-0.280418747158564,"2"
-0.0331570364420264,"2"
-0.0594599890880632,"2"
-0.0419206610102636,"2"
-0.0738078673994553,"2"
-0.183031460690647,"2"
-0.118486718864087,"2"
-0.20350110522713,"2"
0.0300610583518375,"2"
0.0713684976437671,"2"
-0.0510591092197159,"2"
0.0441126095469124,"2"
-0.0852328077858895,"2"
0.00156933617171207,"2"
-0.999992285576393,"3"
-0.147232031102182,"2"
-0.999999713172861,"3"
-0.0823591646438506,"2"
-0.00637300936530649,"2"
0.00375299093308801,"2"
-0.0146393760495678,"2"
-0.0692757655384766,"2"
-0.0681349284931319,"2"
-0.0486653173946949,"2"
-0.0744332852513132,"2"
-0.0967428052524921,"2"
-0.152266562819772,"2"
0.0819467486328392,"2"
-0.0675246550799873,"2"
-0.133446984624656,"2"
-0.0257894866458306,"2"
-0.116815848307078,"2"
-0.148477061724318,"2"
-0.999997007201746,"3"
-0.106192809197452,"2"
-0.0676849683980767,"2"
-0.2237556595937,"2"
-0.137551635006042,"2"
-0.126139965738347,"2"
-0.0194565805795213,"2"
-0.0568396965086055,"2"
-0.115629979839332,"2"
-0.0993969938382595,"2"
-0.0925633013351568,"2"
-0.0680354507467227,"2"
-0.024438392100314,"2"
-0.132414799337291,"2"
-0.0834285428773953,"2"
-0.0592018252598767,"2"
-0.0292518027370638,"2"
-0.0507613867153451,"2"
-0.0233761094511666,"2"
-0.112414887994777,"2"
-0.117277837221289,"2"
-0.999999673915321,"3"
-0.108532522289065,"2"
0.0245417831768631,"2"
-0.113211755545388,"2"
-0.0284131697305545,"2"
-0.165402351452169,"2"
-0.185379710826761,"2"
-0.0678226341513413,"2"
-0.0853725242095345,"2"
-0.0857335652711662,"2"
0.0126145123436937,"2"
-0.150002031371651,"2"
-0.0840052267938918,"2"
-0.179831801988057,"2"
-0.0189350661206393,"2"
-0.193119048446455,"2"
-0.999999996174466,"3"
-0.0776648693577973,"2"
-0.159301181696002,"2"
-0.005936102735838,"2"
-0.160960664625113,"2"
0.0860311121030185,"2"
-0.130549475644149,"2"
-0.0659410218733896,"2"
-0.131742789899064,"2"
-0.0841770188620525,"2"
-0.255827293353433,"2"
-0.0256554415629604,"2"
-0.0815513597267259,"2"
-0.116679407227022,"2"
-0.0937643832336867,"2"
-0.0194027282747335,"2"
0.0228669812395836,"2"
-0.0773294635336439,"2"
-0.0312215394095572,"2"
-0.109746540181764,"2"
0.0695510201112614,"2"
-0.00764419708103281,"2"
0.0213552738073144,"2"
-0.0854323476038783,"2"
-0.137784629383893,"2"
-0.0681666688296474,"2"
-0.07857396975959,"2"
-0.132654997641114,"2"
-0.0448499410326775,"2"
-0.108781725840401,"2"
-0.128004385577175,"2"
-0.148972772545056,"2"
-0.0936077012105487,"2"
-0.0430316094568584,"2"
-0.102214318100284,"2"
-0.136468994819442,"2"
-0.0490270845557979,"2"
-0.0884090366175265,"2"
-0.143597135250321,"2"
-0.191156927074765,"2"
-0.0553165466371226,"2"
-0.00684260211398557,"2"
-0.127058892496574,"2"
0.0176948329406722,"2"
-0.107138089617994,"2"
-0.0256279399633828,"2"
-0.00509432814855404,"2"
-0.999991840066798,"3"
0.0596152444372198,"2"
-0.139893956690256,"2"
-0.101781850779514,"2"
-0.0817550930552584,"2"
-0.0628691076245078,"2"
-0.0620678713794496,"2"
-0.0642232052866134,"2"
-0.142255304556897,"2"
-0.0964098148979859,"2"
-0.0430970043379555,"2"
-0.113418343388173,"2"
-0.0164827482847474,"2"
-0.180449492858549,"2"
-0.19372413573169,"2"
-0.196399195350904,"2"
-0.157619012481992,"2"
-0.999998317251084,"3"
-0.130418826639315,"2"
-0.0591944390446049,"2"
-0.181546284318637,"2"
-0.111787131043145,"2"
-0.999149870417606,"3"
-0.12567476786514,"2"
-0.071968514112505,"2"
-0.20890959139335,"2"
-0.207195030224554,"2"
-0.999984625579949,"3"
-0.046067865992286,"2"
-0.999813763780826,"3"
-0.152203445746779,"2"
-0.16987856540091,"2"
-0.159192395098408,"2"
-0.0675593308660796,"2"
-0.175541398648067,"2"
-0.113108223717106,"2"
-0.0421509132136075,"2"
-0.0729890668745732,"2"
-0.121075050580346,"2"
-0.108529659712964,"2"
-0.99999999505263,"3"
-0.159117551792262,"2"
-0.132291224281286,"2"
-0.0422278205521591,"2"
-0.0752219384999808,"2"
0.130104170736789,"2"
-0.052951634850962,"2"
0.0447384833247606,"2"
-0.0408596770132954,"2"
-0.146785247838416,"2"
-0.153751629645484,"2"
-0.0896693448557493,"2"
-0.170614680146165,"2"
-0.121652058306387,"2"
-0.160536581075595,"2"
-0.123939674452983,"2"
-0.290790922212472,"2"
-0.0994722201169664,"2"
-0.162034848922768,"2"
-0.0681311319854947,"2"
-0.0637201750179384,"2"
-0.161546875618918,"2"
-0.10687221664542,"2"
-0.0732851099054672,"2"
-0.133752020893608,"2"
-0.142215387392824,"2"
-0.126750544403801,"2"
-0.237025806542967,"2"
-0.00253023088084281,"2"
-0.131252650696066,"2"
-0.152746653747982,"2"
-0.17170352659138,"2"
-0.196989318880017,"2"
-0.255156235663678,"2"
-0.207398485015216,"2"
-0.235174018748916,"2"
-0.381780167477779,"2"
-0.999948983944271,"3"
-0.224273978503742,"2"
-0.222222949819101,"2"
-0.199791001004269,"2"
-0.280777850208035,"2"
-0.255783210757147,"2"
-0.247548051535468,"2"
-0.0318671559577162,"2"
-0.165291046589012,"2"
-0.209826768780511,"2"
-0.220389617499332,"2"
-0.196859044650632,"2"
-0.266223088033957,"2"
-0.275909794819142,"2"
-0.171054377649738,"2"
-0.132568860136935,"2"
-0.150218399185785,"2"
-0.230188229833316,"2"
-0.339645605218106,"2"
-0.100487987220093,"2"
-0.20259602234439,"2"
0.018841251930455,"2"
-0.283141983830622,"2"
-0.311707419511902,"2"
-0.163136993205991,"2"
-0.188267837670547,"2"
-0.212836450637052,"2"
-0.115452444487512,"2"
-0.29746152530539,"2"
-0.148904860490598,"2"
-0.165616784699941,"2"
-0.999999825209839,"3"
-0.203428127092399,"2"
-0.228579414037134,"2"
-0.0666158166086022,"2"
-0.237553440863955,"2"
-0.999851028681418,"3"
-0.326304143229673,"2"
-0.0534753763789739,"2"
-0.289116206594004,"2"
-0.212164164004347,"2"
-0.165764534830535,"2"
-0.0614307796412203,"2"
-0.157814514354351,"2"
-0.0429596320153331,"2"
-0.0256172985079357,"2"
-0.175156301134507,"2"
-0.233939732179967,"2"
-0.269149935109826,"2"
-0.179977413437565,"2"
-0.999768726683052,"3"
-0.335547213399914,"2"
-0.0692193650508364,"2"
-0.153659322139857,"2"
-0.171716576148197,"2"
-0.264223161231282,"2"
-0.00756496951809926,"2"
-0.109055150606553,"2"
-0.0801934271755214,"2"
-0.0806828109700342,"2"
-0.0427687723865171,"2"
-0.26152255745879,"2"
-0.046577957498001,"2"
-0.0614605961850418,"2"
-0.00850407113515983,"2"
-0.999967818934645,"3"
-0.999986316133329,"3"
-0.0883417418978723,"2"
-0.12066164271704,"2"
-0.188783241365388,"2"
-0.0894434665753527,"2"
-0.0845449613088398,"2"
-0.999921830864668,"3"
-0.0346037387936662,"2"
-0.128820057793962,"2"
-0.107913047288988,"2"
-0.119193572767224,"2"
-0.0488456774424266,"2"
-0.999999997861776,"3"
-0.107957083339895,"2"
-0.101368292414234,"2"
-0.0880283676207134,"2"
-0.0805858005588844,"2"
-0.999999549657628,"3"
-0.079706518672134,"2"
0.0388641307639379,"2"
-0.15794940657985,"2"
-0.992903563817088,"3"
-0.0765544446495174,"2"
-0.0678578036982656,"2"
-0.171894118441536,"2"
-0.0956161550841874,"2"
-0.0772682517537613,"2"
-0.143064998820117,"2"
0.0263085746480084,"2"
-0.0481327687845323,"2"
-0.0980563844756026,"2"
-0.117950955484321,"2"
-0.18514377026941,"2"
-0.00011151325189207,"2"
-0.999650623075701,"3"
-0.0804736126679972,"2"
-0.072396733412551,"2"
-0.999998699309783,"3"
-0.135991013938531,"2"
-0.0522827846218796,"2"
-0.147904148561365,"2"
-0.188228391357277,"2"
-0.0636560785860736,"2"
-0.177462997531414,"2"
-0.125100460057553,"2"
-0.272230646972912,"2"
0.0452393745930137,"2"
-0.0408150467569226,"2"
-0.0457887796436132,"2"
-0.0410511667343014,"2"
-0.0808697281593422,"2"
1.81528682812182e-05,"2"
-0.0261144860370912,"2"
-0.106557373828913,"2"
-0.0358978843222799,"2"
-0.0325751714262177,"2"
-0.0318657199616039,"2"
-0.0787125274416567,"2"
-0.0751076584395605,"2"
-0.999999585280017,"3"
-0.000632496810766936,"2"
0.00178410693244457,"2"
-0.014647616337687,"2"
-0.155276871410445,"2"
-0.0710050732621665,"2"
-0.0136594064282594,"2"
-0.0846429889975679,"2"
-0.999945249184709,"3"
-0.0450714033288939,"2"
0.0304763970735131,"2"
-0.0194017230714807,"2"
-0.0240928058146614,"2"
-0.00966951610319389,"2"
0.0257092345700186,"2"
-0.00178570668619438,"2"
-0.0729131322106349,"2"
-0.0200422883573144,"2"
0.0265748135744653,"2"
0.0462590641069869,"2"
0.0110974327767841,"2"
-0.00496625482453705,"2"
-0.0525147675950361,"2"
0.00816198056253947,"2"
-0.999999826133149,"3"
-0.0631840029085278,"2"
-0.0740422250771569,"2"
-0.0828035521004673,"2"
0.0988706253477585,"2"
-0.0170031299742548,"2"
0.0369656165660238,"2"
0.0207110276439979,"2"
0.0537576161197295,"2"
-0.00101715172602868,"2"
-0.012176816553191,"2"
-0.0343045018353278,"2"
-0.162048229749179,"2"
-0.0892574262471701,"2"
-0.0263668275943298,"2"
-0.0351160760178202,"2"
-0.999997576004315,"3"
-0.0516909450309764,"2"
-0.0256720959115373,"2"
-0.999999251526227,"3"
0.0436560877909533,"2"
0.0126667509784406,"2"
-0.0157248768717102,"2"
-0.061440881155556,"2"
-0.999998497985608,"3"
-0.0479872040965741,"2"
-0.099512619143828,"2"
-0.202957689099149,"2"
-0.198958580082739,"2"
-0.222505044146795,"2"
-0.999943419105982,"3"
-0.218417964344632,"2"
-0.112184756989938,"2"
-0.878095536741666,"3"
-0.0843907105725301,"2"
-0.0810633177005724,"2"
-0.999092692841092,"3"
-0.0911967587954412,"2"
-0.10510885280112,"2"
-0.0532925971223204,"2"
-0.236105897044743,"2"
-0.168146420839088,"2"
-0.056445933907487,"2"
-0.11998891213931,"2"
-0.210229378657933,"2"
-0.0525193450057506,"2"
-0.291534062787487,"2"
-0.13745886366758,"2"
-0.0981661815410251,"2"
-0.156087309274839,"2"
-0.99999026805283,"3"
-0.125178480483856,"2"
-0.209670986229715,"2"
-0.138794506422814,"2"
-0.118338805860102,"2"
-0.0127230094618938,"2"
-0.197946460192431,"2"
-0.115379508408056,"2"
-0.0800382446877894,"2"
-0.149014850076256,"2"
-0.999998776858009,"3"
-0.221883333762096,"2"
-0.999999996013492,"3"
-0.218576517723891,"2"
-0.18169466496285,"2"
-0.132800883171023,"2"
-0.0773593571300508,"2"
-0.145447560719531,"2"
-0.999998730135472,"3"
-0.130873770577588,"2"
-0.104661401338878,"2"
-0.0878227912780427,"2"
-0.248579328475315,"2"
-0.209954164266085,"2"
-0.211351473568506,"2"
-0.0376202349941537,"2"
-0.210669610657988,"2"
-0.999099757207739,"3"
-0.073366434138423,"2"
-0.0775182409894406,"2"
-0.999988817079502,"3"
-0.131633452431027,"2"
-0.237287862701045,"2"
-0.999999844207904,"3"
-0.125034623523393,"2"
-0.0993488023303317,"2"
-0.164308661445262,"2"
-0.999999976872595,"3"
-0.346449915472153,"2"
-0.268847820547748,"2"
-0.157861807519103,"2"
-0.107590643606125,"2"
-0.191160783550718,"2"
-0.0599308737209081,"2"
-0.0759495814612219,"2"
0.00340860038335344,"2"
-0.189464000183635,"2"
-0.11789248969501,"2"
-0.128870671314833,"2"
-0.0839299117976209,"2"
-0.257037195744963,"2"
-0.16208009572357,"2"
-0.0496259563972121,"2"
-0.150702977217772,"2"
0.0537522070288128,"2"
-0.102837645308834,"2"
-0.0489995548752598,"2"
-0.0872020320364162,"2"
-0.120876227872393,"2"
0.0111275367778383,"2"
-0.0268533185456432,"2"
-0.0372670227969989,"2"
0.0707191081128792,"2"
-0.028631028006181,"2"
-0.134544515460405,"2"
-0.999999965857934,"3"
-0.142072801634059,"2"
-0.209789414210342,"2"
-0.999977626592244,"3"
-0.591581257871652,"2"
-0.565942586770614,"2"
-0.511381829085059,"2"
-0.69342192931434,"2"
-0.176662495592254,"2"
-0.176314627860213,"2"
-0.999892581975198,"3"
-0.154195019581643,"2"
-0.166452531145473,"2"
-0.265316516501935,"2"
-0.147600573568159,"2"
-0.222725771824949,"2"
-0.100566359727243,"2"
-0.16930295775002,"2"
-0.234030878508514,"2"
-0.0911533578030645,"2"
-0.0687076508775109,"2"
-0.219322532370953,"2"
-0.176660945503395,"2"
-0.0884000605702946,"2"
-0.18537829927372,"2"
-0.188821523002917,"2"
-0.999984366808685,"3"
-0.161203619545941,"2"
-0.185734144856882,"2"
-0.999999717815939,"3"
-0.342528492119836,"2"
-0.277275790939468,"2"
-0.206520167595546,"2"
-0.159599672252707,"2"
-0.129949910400513,"2"
-0.109742686698157,"2"
-0.140629139166708,"2"
-0.264109094237621,"2"
-0.245547179614386,"2"
-0.999999882413579,"3"
-0.178254470528044,"2"
-0.078931134450438,"2"
-0.173170866002947,"2"
-0.144244556882478,"2"
-0.196077589984508,"2"
-0.268671143551603,"2"
-0.123183138564681,"2"
-0.115006117115158,"2"
-0.122151604052502,"2"
-0.280108218001251,"2"
-0.297175122545296,"2"
-0.115954524794458,"2"
-0.21377018300523,"2"
-0.200479553470099,"2"
-0.251028581508627,"2"
-0.114644760750139,"2"
-0.999999933091696,"3"
-0.221993494196803,"2"
-0.192895430408403,"2"
-0.063893583080163,"2"
-0.0888525279471823,"2"
-0.0191555101763645,"2"
-0.0235367928605577,"2"
0.0413846627596204,"2"
0.0411547452995271,"2"
0.13091521645996,"2"
0.055696426898403,"2"
-0.0525271528857048,"2"
-0.108506236844083,"2"
0.0729738109317534,"2"
-0.159552907467638,"2"
0.017514770919512,"2"
0.165986966004388,"2"
0.00537711488107306,"2"
-0.0106358838025611,"2"
-0.99995790050806,"3"
-0.194550586658746,"2"
0.0404256293118439,"2"
-0.999999622910188,"3"
-0.0684890366712865,"2"
0.0852332887465116,"2"
0.0159887778923238,"2"
-0.0868152564775519,"2"
0.0395516609318609,"2"
0.0312847385292868,"2"
0.0133555174615837,"2"
0.0637338854363604,"2"
-0.0661361838865011,"2"
0.179148892694095,"2"
-0.0585613430798166,"2"
-0.141148062468048,"2"
0.0116062303384968,"2"
0.102353412849864,"2"
-0.0713538709779058,"2"
0.11309543880559,"2"
-0.000127026012011644,"2"
0.00960328908211439,"2"
-0.0734687073674822,"2"
-0.00128594974743801,"2"
-0.264551889699503,"2"
0.0617821779941869,"2"
-0.116386176201847,"2"
0.104057002955884,"2"
-0.0173566950301876,"2"
-0.159025234240219,"2"
0.0709344682520073,"2"
0.0921969089939679,"2"
0.0694814290008828,"2"
-0.026109602047923,"2"
-0.0967913789818271,"2"
-0.0279498819737325,"2"
-0.0629279141539396,"2"
0.0526573528850298,"2"
0.0366210908104814,"2"
-0.016805968118327,"2"
-0.0155025400774134,"2"
0.0245687328860246,"2"
0.0215692647977584,"2"
-0.000820385152468628,"2"
0.070100779267644,"2"
0.106797623445055,"2"
0.0975649281858504,"2"
0.027713849892968,"2"
0.148090198664477,"2"
0.109061084781065,"2"
0.150566770042382,"2"
0.163091381569341,"2"
0.105285700504903,"2"
0.078714309943111,"2"
0.130050482596176,"2"
0.115154270921136,"2"
-0.99997684680412,"3"
-0.987144209452894,"3"
0.0264024146584945,"2"
0.0751777478827292,"2"
-0.999997660758807,"3"
0.0519750727596587,"2"
0.0583687024041617,"2"
0.103262930980342,"2"
0.0660865064986255,"2"
0.0425206843371221,"2"
0.0695668204328714,"2"
0.0958708018881205,"2"
0.0188700732597135,"2"
0.128780402023867,"2"
0.060026855251478,"2"
-0.993385325169961,"3"
-0.999987690412169,"3"
0.0791047967527809,"2"
0.0338027165229082,"2"
0.071744221924101,"2"
0.0967410523494777,"2"
0.041847979458795,"2"
0.0393695667388134,"2"
-0.999999922936747,"3"
0.00908489578440719,"2"
0.061669767613595,"2"
0.0178656287026009,"2"
0.12859066055801,"2"
0.129827502144513,"2"
0.0750369230566755,"2"
-0.999995852266923,"3"
-0.212828576459291,"2"
-0.203883714220084,"2"
-0.202057861608909,"2"
-0.165016429549588,"2"
-0.274869349053561,"2"
-0.191357763736001,"2"
-0.276147845858889,"2"
-0.224988199769188,"2"
-0.218065420904298,"2"
-0.999999593859528,"3"
-0.997966106719901,"3"
-0.137831096150429,"2"
-0.223973938775939,"2"
-0.317939527995625,"2"
-0.117363492801581,"2"
-0.151638867629106,"2"
-0.0955691270144632,"2"
-0.184631012655767,"2"
-0.042603728357304,"2"
-0.0335443859155704,"2"
-0.271323438594851,"2"
-0.2583584843875,"2"
-0.999978413248442,"3"
-0.279286369306162,"2"
-0.280483800523706,"2"
-0.854425032378934,"3"
-0.999997351140535,"3"
-0.264439842747882,"2"
-0.191051870111495,"2"
-0.102701630258039,"2"
-0.287051912846324,"2"
-0.0145911870471473,"2"
0.115209268840576,"2"
-0.286285186061178,"2"
-0.242008843126144,"2"
-0.164305583266757,"2"
0.0221739737369797,"2"
-0.243389060072649,"2"
-0.12175985334782,"2"
-0.241778677300169,"2"
-0.0061269015534422,"2"
-0.211083991214162,"2"
-0.0514829425397936,"2"
-0.0822215451708384,"2"
-0.179776555243894,"2"
-0.113436338135038,"2"
-0.327265879921643,"2"
-0.289199439240234,"2"
-0.413227571460261,"2"
-0.30052060095966,"2"
-0.319088220341233,"2"
-0.0916398992483352,"2"
-0.228716209407185,"2"
-0.324873964750952,"2"
-0.385216580725997,"2"
